r_seq,dG_30mM_Mg_GAAA_176,dG_30mM_Mg_GAAA_240,dG_30mM_Mg_GAAA_241,dG_30mM_Mg_GAAA_1316,dG_30mM_Mg_GAAA_236,dG_30mM_Mg_GAAA_121,dG_30mM_Mg_GAAA_8,dG_30mM_Mg_GAAA_106,dG_30mM_Mg_GAAA_14,dG_30mM_Mg_GAAA_9,dG_30mM_Mg_GAAA_12813,dG_30mM_Mg_GAAA_12802,dG_30mM_Mg_GAAA_36513,dG_30mM_Mg_GAAA_36501,dG_30mM_Mg_GAAA_36441,dG_30mM_Mg_GAAA_36478,dG_30mM_Mg_GAAA_36511,dG_30mM_Mg_GAAA_12914,dG_30mM_Mg_GAAA_12980,dG_30mM_Mg_GAAA_12709,dG_30mM_Mg_GAAA_12761,dG_30mM_Mg_GAAA_12777,dG_30mM_Mg_GAAA_12756,dG_30mM_Mg_GAAA_12983,dG_30mM_Mg_GAAA_12985,dG_30mM_Mg_GAAA_13906,dG_30mM_Mg_GAAA_13895,dG_30mM_Mg_GAAA_13870,dG_30mM_Mg_GAAA_14076,dG_30mM_Mg_GAAA_14078,dG_30mM_Mg_GAAA_35600,dG_30mM_Mg_GAAA_34890,dG_30mM_Mg_GAAA_35275,dG_30mM_Mg_GAAA_35311,dG_30mM_Mg_GAAA_34778,dG_30mM_Mg_GAAA_14073,dG_30mM_Mg_GAAA_13802,dG_30mM_Mg_GAAA_13854,dG_30mM_Mg_GAAA_13849,dG_30mM_Mg_GAAA_14007,dG_30mM_Mg_GAAA_10312,dG_30mM_Mg_GAAA_9373,dG_30mM_Mg_GAAA_9428,dG_30mM_Mg_GAAA_9385,dG_30mM_Mg_GAAA_9482,dG_30mM_Mg_GAAA_9534,dG_30mM_Mg_GAAA_9639,dG_30mM_Mg_GAAA_9735,dG_30mM_Mg_GAAA_9752,dG_30mM_Mg_GAAA_9692,mutations_ 1,mutations_ 2,mutations_ 3,mutations_ 4,mutations_ 5,mutations_ 6,mutations_ 7,mutations_ 8,mutations_ 9,mutations_10,mutations_11,mutations_12,no_mutations,mut_1_res,mut_2_res,mut_3_res,mut_4_res,mut_5_res,mut_6_res,mut_7_res,mut_8_res,mut_9_res,mut_10_res,mut_11_res,mut_12_res,ddG_average,ddG_std
AAUGG_CCUAAG,2.1913762522000013,2.381944400850001,2.2027556038799982,2.0121737592699986,2.218241248570001,2.348721332260001,2.3923182380099997,,2.2711122032300013,,2.342202603939999,2.179955293880001,2.550011025789999,2.4163456229100007,,2.3276947571300006,1.9358397862299999,2.2580573298300006,2.47192320119,2.3081004439300017,2.077047006719999,2.051390645049999,1.9596869625999993,2.0293729542399994,2.4049769812100017,2.5471607680600012,2.0099509485499993,2.2869405154799995,2.1813906015699978,2.3448131451100025,2.151488891869999,2.0966872959100034,,2.2276468396499993,1.7411271934000006,2.4025651764100004,2.13963363465,2.3255954557600003,2.41965917908,,,1.88051696505,1.8325061192899987,0.10895646840999973,1.8001863272199996,2.16358219586,1.764715433560001,2.0335517887000005,2.1742894880199994,1.837174536680001,1,0,0,0,0,0,0,0,0,0,0,0,1,A,-,-,-,-,-,-,-,-,-,-,-,2.131849695936591,0.37659797407018397
CAUGG_CCUAAG,2.139567960700001,2.212007196720002,2.2567733587299976,2.1213956318600005,2.158925563060002,2.271322166849999,2.1636883460900007,1.6464154501699992,2.1792748856600017,,2.4517516694099992,2.2898072922300017,,2.3483140095799993,,2.3055028979800003,1.7793751165000007,2.4953709637399992,2.471854497839999,2.2264341114700006,2.0042645831799994,2.2560430181199997,2.23193073941,2.2874833679299993,,2.264646357290001,2.3934780122699983,2.4380920348999986,2.037805810509999,2.430286264220001,,,,2.104538988429999,1.910844278399999,,2.135697852930001,2.524056034919999,2.57940471873,,2.0685985435399994,1.40292141683,1.886140169619999,0.9985808054200005,1.7141763131299994,2.14204965287,2.07605837014,1.9635355816100013,2.362187248889999,2.0347853146899997,1,0,0,0,0,0,0,0,0,0,0,0,1,C,-,-,-,-,-,-,-,-,-,-,-,2.1406191852821954,0.3065661920635711
GAUGG_CCUAAG,0.37392026010000023,0.3585755858000006,0.1967661616999976,0.3782581627999999,0.3003686734700004,0.2991803500200003,0.3708305238699996,0.4534545079599983,0.4030839205600021,0.25334230112,0.3268280600000004,0.2724227755000026,,0.24866122649999944,0.052618188800000354,0.23427745210000062,0.14641147750000094,0.33679578990000003,0.4175090988000001,0.3134915402000029,0.1833682640999985,0.30631766890000023,0.2091808671000006,0.37131438790000004,0.35314763330000254,0.3882553937000015,0.5752452345999988,0.36451293049999833,0.5132437670999987,0.483744294700001,0.12568006640000107,,,0.2663707510999984,-0.12955539659999893,0.5156598456000001,0.4896753506999989,0.34225921390000025,0.31882486509999985,0.48771300890000013,1.3525166071899992,-0.08052287530999891,0.15679281918999877,,0.2733954898000004,0.6068412584100003,0.4470107226899991,0.38426701781000183,0.3474884642999996,0.2048185690000004,1,0,0,0,0,0,0,0,0,0,0,0,1,G,-,-,-,-,-,-,-,-,-,-,-,0.33900787558217405,0.21324210120966655
UAAGG_CCUAAG,1.7639937867600022,1.4350768328600019,1.7029540431999983,1.4082278301399995,1.5262479428700004,1.7735505960300006,1.5252329199999988,1.9514175532599989,1.5313714063,1.6520681472400005,1.754763640310001,1.4791902441000016,1.6293399863199998,1.8233550087800001,1.9205732069100012,1.8515841361999996,1.568166466200001,1.298246579899999,1.749562559000001,1.8076969877000018,1.9882999558099996,1.5642160235000002,1.5844768628000008,1.4175672697999993,1.5880582716000013,1.557312210700001,1.5611478340599998,1.5642042949999997,1.4845809995699994,1.4542247105000001,1.0562614494000009,,,1.6224282803499985,0.9702411720999997,1.6372338124399999,1.5755761593399988,1.5995372570999997,1.1794410145,1.2030972769799995,1.5947672042299983,1.4464180630300003,,1.0780636160500006,,1.2068084484299995,1.2379392157800009,1.3045571436500012,1.3410890690299997,1.6037436463500008,0,0,1,0,0,0,0,0,0,0,0,0,1,-,-,A,-,-,-,-,-,-,-,-,-,1.5342154594821746,0.23463898143516512
UACGG_CCUAAG,1.046660149600001,1.115144292270001,1.0007174690099987,0.8121488333300011,1.1979677338800023,1.1463989294899992,0.9251320710200002,0.8027684618899986,0.8857215847900015,0.8244242506000017,1.1354308083999989,0.8681332541000017,1.187513322060001,0.9924288764,0.9182254105999998,1.2725380560000001,1.1101489796000017,0.7666488131999998,0.8813690449999996,0.9646831730000027,0.9261392763299998,0.9264603584999982,0.8595533265999986,0.8337908781000003,0.9246942568000005,0.9801570004000002,1.0153910338199985,0.9363410547999997,0.7551666013999991,0.8581902460999995,0.7224198958999981,0.9679565584000027,,0.8150098819999982,0.4298034139000002,0.9192017826000001,1.0371686675899987,0.9306986753999986,0.7925035799,0.9381770506899993,0.6062051838699993,0.6577806005099998,1.5668710898100002,0.6575815472799995,0.47483357666999915,0.7855121290499998,0.9220654935900008,0.7547904902500022,0.8007860465899981,0.8029090318000005,0,0,1,0,0,0,0,0,0,0,0,0,1,-,-,C,-,-,-,-,-,-,-,-,-,0.9071910661814285,0.19549352803078912
UAGGG_CCUAAG,1.9867156141100022,2.352374894710003,2.0434725235599984,1.7368765097899992,1.7307325140700005,1.950079238899999,1.83794704608,2.080277326109999,2.1200103195000013,2.1378216964100023,1.9227513182899987,1.8322171493000017,,2.1132578094800003,1.6763869897500019,,1.710546904000001,1.6882208063999986,1.9149840148,2.0681282368300007,1.7793262265099994,2.19335063518,2.172364836689999,1.807301774419999,1.9349683229800014,1.9556955835000007,1.85801877986,2.120108671179999,1.6666275066399976,1.7308817320899994,1.5184191196000008,1.8281004600000017,,1.7281191786499992,1.1506208120999997,1.8722617167100015,1.89729645345,1.9978608525999988,1.867809800069999,1.5960069973300008,1.7085948333700003,,1.2531441996699986,,1.7798794525299995,1.7772495581700003,1.8432270983300008,1.536884436350002,2.1013949999399983,1.7668914967199996,0,0,1,0,0,0,0,0,0,0,0,0,1,-,-,G,-,-,-,-,-,-,-,-,-,1.8521156988162228,0.23272420687530357
UAUAG_CCUAAG,,,,,,,,,,,,,,,,,,,,,,,,,,,,,,,4.843375915299999,,,,,,,5.06158921633,,,,,,,,,,,,,0,0,0,1,0,0,0,0,0,0,0,0,1,-,-,-,A,-,-,-,-,-,-,-,-,4.952482565815,0.15430010490341478
UAUCG_CCUAAG,,,,,,,,,,,,,,,,,,,,,,,,,,,,,,,4.82822236318,,,,,,,,,,,,,,,,,,,,0,0,0,1,0,0,0,0,0,0,0,0,1,-,-,-,C,-,-,-,-,-,-,-,-,4.82822236318,
UAUGA_CCUAAG,,,,,,,,,,,,,,,,,,,,,,,,,,,,,,,1.1287654700999994,,,1.526323893699999,,1.7002613697600015,,1.6436621867999985,,1.71356942209,,,,,,,,,,,0,0,0,0,1,0,0,0,0,0,0,0,1,-,-,-,-,A,-,-,-,-,-,-,-,1.5425164684899997,0.24280913867246837
UAUGC_CCUAAG,,,,,,,,,,,,,,,,,,,,,,,,,,,,,,,2.229229950699999,,,2.412537543519999,,2.3563494065399997,,2.4125213511800006,,2.7044576312000004,,,,,,,,,,,0,0,0,0,1,0,0,0,0,0,0,0,1,-,-,-,-,C,-,-,-,-,-,-,-,2.423019176628,0.1742317386507005
UAUGG_ACUAAG,,,,,,,,,,,,,,,,,,,,,,,,,,,,,,,2.088400578219998,,,1.9294084464399983,,2.33970640145,,2.482119461089999,,2.0875140973300006,,,,,,,,,,,0,0,0,0,0,0,1,0,0,0,0,0,1,-,-,-,-,-,-,A,-,-,-,-,-,2.185429796905999,0.22157115840060754
UAUGG_CAUAAG,,,,,,,,,,,,,,,,,,,,,,,,,,,,,,,2.6973333949199993,,,3.3206796775099985,,3.13107630014,,3.5535100224100002,,,,,,,,,,,,,0,0,0,0,0,0,0,1,0,0,0,0,1,-,-,-,-,-,-,-,A,-,-,-,-,3.1756498487449996,0.3626685324593773
UAUGG_CCAAAG,,,,,,,,1.6979949540599986,,,,,,,,,,,,,,,,,4.57051391219,,,,,,,,,,,,3.1844972823399997,4.85931942628,,,,,,,,,3.0035755557800012,,2.8267079744600005,,0,0,0,0,0,0,0,0,1,0,0,0,1,-,-,-,-,-,-,-,-,A,-,-,-,3.3571015175183327,1.1762442783707907
UAUGG_CCCAAG,,,,,,,,,,,,4.607962709090001,,,,,4.67813357984,4.54690825825,4.453351608389999,,,4.45032852259,4.576977760139998,,4.504185982970001,4.64467098209,,,3.639452328469998,,4.856622806789999,4.2548036316200015,,,4.5499262816,,,5.07229985617,4.2793725792199995,3.6197054559899993,,,,,,,3.2301980510200003,3.171127258100001,,,0,0,0,0,0,0,0,0,1,0,0,0,1,-,-,-,-,-,-,-,-,C,-,-,-,4.302119273667058,0.5517696851559797
UAUGG_CCGAAG,,,,,,,,2.0775708032399987,,,,4.897294386130002,,,,,4.179915064650001,4.57200176468,,4.822629759250001,,,,,,,,4.899419122379999,,4.13116233129,4.57693978098,4.672286128230002,,,4.79849491826,4.029842862780002,,,,,,,,,2.3220695023999998,,2.87988545057,2.4439910973300005,,,0,0,0,0,0,0,0,0,1,0,0,0,1,-,-,-,-,-,-,-,-,G,-,-,-,3.950250212297857,1.0467252259179927
UAUGG_CCUAAA,0.4887190486000019,0.3600582179000007,0.5313288874999991,0.20737963970000095,0.4174907299499999,0.4174440964499997,0.5149023775999986,0.38172965885999943,0.30763791207000146,0.11036236078000172,0.4791542338999992,0.20311525650000206,0.5938105006000001,0.4307000196999997,0.25982196300000027,0.5462626633000003,0.3266632607000002,0.42666766680000023,0.5567754521000001,0.4002905959000014,0.1459602641999993,0.25143604750000037,0.1695170794999985,0.4538273704999991,0.35821501490000074,0.5119222335000018,0.5302012598999983,0.39249257339999843,0.5214264037999978,0.5928482619000004,0.07625529979999968,0.30552926970000094,,0.3249519139999979,0.1828156903,0.6321123795000005,0.40343228699999933,0.3996712030999987,0.4341912535999999,0.3149648381999999,0.2918124909799982,0.43716606749999976,0.26220364574999877,0.4154767878599994,-0.0282293732400003,0.45768871059000027,0.48804796921000104,0.42200742307000105,0.44829293359999944,0.3833659037999997,0,0,0,0,0,0,0,0,0,0,0,1,1,-,-,-,-,-,-,-,-,-,-,-,A,0.3783656682720407,0.14341296666180278
UAUGG_CCUAAC,0.3685521694000009,0.5052712604000007,0.25420833419999767,0.22197597519999945,0.2703838379899999,0.42836371797999995,0.2941701716499985,0.3674294933700004,0.30557222542999973,0.15541590045000042,0.5726216159999993,0.44161911650000185,,0.3055631532999996,0.022342186099999495,,0.5151641995000009,0.38948104029999975,0.3237925264000001,0.7976130125000012,0.18409745489999985,0.07446050210000088,,0.3542852469999982,0.3240667597000009,0.38287873270000006,0.46202657849999973,0.2868411010999985,0.33351099359999914,0.3764596866000005,0.04167597979999904,0.655846418500003,,0.374458903699999,0.025924702799999366,0.3748317519000004,0.18927967499999987,0.5067031353999987,0.2226719750000008,0.3434670749000013,0.43652508405999946,0.32277072773000093,0.21831120741999932,,0.17551837931999792,0.37946068163000035,0.36863954300000046,0.31432818160000053,0.10884530029999873,0.2339061854000004,0,0,0,0,0,0,0,0,0,0,0,1,1,-,-,-,-,-,-,-,-,-,-,-,C,0.32469626445177774,0.15728275380386808
UAUGG_CCUAAU,1.2170745112000017,1.0231896890600023,1.1839063357599997,0.9588515519199987,1.2364109133899994,1.1301791831899983,1.4975639423700002,2.0083067644099986,1.1451282113500003,1.4009815334200004,1.2531538220999998,1.0805426989000022,,1.3085057926,1.2457873703000004,1.4191589812000007,1.1587952514000008,1.200032181800001,1.2924786716999996,1.352174037600001,1.1231405181500005,1.1100864387999998,1.0840261183999989,1.3426369811999983,1.1238912288000016,1.2059073518000005,1.3579343493499998,1.1933507356999993,1.195215005159998,1.0969060737000014,0.8251991826999987,1.3536657291000012,,1.0460685693999991,0.6187836657000005,1.3779141035699993,1.1876134498299997,1.2604035196000005,1.3741744655999995,0.9047106833899985,1.1825113261799984,,1.0292300850899991,0.9979150510599997,0.45127620441000005,1.1398803273200002,1.164432778290001,0.9943658202100014,1.285641984889999,0.9252067756399995,0,0,0,0,0,0,0,0,0,0,0,1,1,-,-,-,-,-,-,-,-,-,-,-,U,1.1715810631214894,0.23240988960157247
UAUGG_CCUACG,0.18693175250000138,0.2898556571000004,0.2815186335999975,0.08694159020000036,0.2653586585000003,0.22173441174999908,0.24966475761999973,0.2228956953899992,0.1478741094600018,-0.007763694249998565,0.274582742199998,0.11603859190000065,0.1004889175999999,0.2278887050999998,-0.045504896100000636,0.15116936099999911,0.03623762620000015,0.006828915499999866,0.20058094070000188,0.2691973561000012,0.1114150398999989,0.08033916920000017,,0.2339953565999977,0.09070050340000257,0.11407097920000098,0.23129803339999988,0.09980067779999935,0.12524551479999957,0.2683749424999995,-0.3181155735000001,0.02975948690000152,,0.08444521429999874,-0.3963446914999995,0.2566436694000007,0.09208131459999969,0.19611433799999922,0.08823132170000036,0.14585356329999932,0.1568652791199998,0.2687827030400012,0.11581243981,-0.11802854852000166,-0.3386446385100008,0.03427119780000076,0.14948470460000074,0.19768887230000054,0.15920531169999919,-0.022737998799998493,0,0,0,0,0,0,0,0,0,0,1,0,1,-,-,-,-,-,-,-,-,-,-,C,-,0.11289850030437502,0.15429278782501646
UAUGG_CCUAGG,3.093275449500002,3.0639769951600018,2.914625532899998,2.7554715644699987,3.0897759359500006,2.915477912210001,,,,,3.224412823549999,2.878797565900001,3.3061504270199995,3.099343383399999,2.6080691487400003,3.707921412660001,2.50730986712,2.3243299981399996,2.949378608570001,3.3124947160400016,2.712104289399999,2.5952649972199993,2.86328167101,2.9131048900999996,2.8966556512900006,2.999062008580001,3.1490922580999996,2.840925157839999,2.5739585589899985,2.928758494410001,2.4039256069600015,2.824826509050002,,2.5789089250899977,2.2796288672799996,2.95580193488,,3.0836561706100003,2.7338502050700004,1.247552712680001,1.9870601828399987,,2.05925689661,,2.05441918973,2.545856615200001,2.4463094527699996,2.151100970770001,2.861567674119999,2.97446736649,0,0,0,0,0,0,0,0,0,0,1,0,1,-,-,-,-,-,-,-,-,-,-,G,-,2.7478859190099993,0.4377789915371002
UAUGG_CCUAUG,2.4789111339200023,2.9807362922300022,2.915746635989998,2.6432854069399987,2.1554144081500013,2.76893485158,,,,,2.8248499195399983,2.783611746680002,2.9997265373,2.86063107791,2.5786387082300006,3.2239866403300006,2.8954111967899987,2.61044412489,2.68960517959,2.813223099660002,2.815752836469999,2.78891360341,2.6604409324699994,2.85271088166,2.570790530810001,2.6934097780700004,2.9947321124399986,2.69634826595,2.1329006150599987,2.623203361790001,2.4697838666499994,2.581684160690001,,2.3416707931499996,2.122140588139999,2.8437964854100013,2.61381512008,2.7023330509,2.44914348819,2.7467767483299994,,1.9775445357100008,,,2.43666535828,-0.9583124630999986,2.288201472340001,2.4333444869900003,3.13369747491,2.534695676020001,0,0,0,0,0,0,0,0,0,0,1,0,1,-,-,-,-,-,-,-,-,-,-,U,-,2.5659366838226187,0.6196193219404251
UAUGG_CCUCAG,2.711749094900002,2.8431686237200022,2.915539127529999,2.4850163679999993,2.6866937016900003,2.689277827149999,2.6681280106899994,,,,2.6963912066199978,2.4924284426900005,,2.756783607879999,2.6468991723400013,2.8124605547699986,2.6776078413100013,2.52223550425,2.6191341867,,2.441712308869999,2.63759171611,2.4127454317300003,2.5764638447799992,2.548928878150001,2.5486475013399996,2.67876346171,2.5781945208099994,2.524357390999999,2.580818572860002,2.2207103101300003,2.5248160573500016,,2.3651289663099995,2.2207918820899994,2.846837409820001,2.7670528670999994,2.804085347999999,2.766797124469999,2.7784334162800004,1.8054934666199989,,1.8000653278100005,1.3859412876899997,2.15408980721,2.4115746188600014,2.0436149518699995,1.9614128387000012,2.55459922891,2.3288654931400004,0,0,0,0,0,0,0,0,0,1,0,0,1,-,-,-,-,-,-,-,-,-,C,-,-,2.4998150534874415,0.3188233935360302
UAUGG_CCUGAG,1.9272125114600023,1.9923935120000014,1.6743775342799996,1.8933243418600014,1.828256820650001,1.2222600890999988,1.8815153542499994,1.8413864799999997,1.9078184049000004,1.826560519280001,1.9299239030099997,1.9331645895000023,,2.021641871069999,,2.2155638998100002,1.9233920986000008,1.7706700656199992,1.9247339932699994,1.9602795139000015,1.6998290746000002,1.8490036100899996,1.9419327089999996,1.8392833293099997,1.9945055930800013,1.9965548271000007,2.033896295569999,1.9971874770999989,2.0402928913399982,1.90489983232,1.6338792659999992,1.9244929715400012,,1.8761947806799988,1.492572880300001,2.076348820269999,1.7895827269899982,2.0099208038,2.0358429430199987,,1.9872395475799989,1.789673307340001,1.6695338008299991,,1.7568925538699993,2.004054975860001,2.216271204389999,1.5697499021700008,2.07442155631,1.7808617566100011,0,0,0,0,0,0,0,0,0,1,0,0,1,-,-,-,-,-,-,-,-,-,G,-,-,1.8813198875473334,0.18086272990398047
UAUGG_CCUUAG,2.1753716266200005,2.36407784849,2.107408155499998,2.0351110948900004,2.27813119142,2.237827523410001,2.2510073444099996,,2.3257134603700003,2.044920868300001,2.2019497661299994,2.2468918263900015,2.2912233225999987,2.2134507582399987,2.8453232776400004,,2.4179405414899993,2.2769131060399985,2.2939884061800004,2.2400293302700014,2.1649135973,2.1864908626399995,2.24197490123,2.3557841160099997,2.2772888810400005,2.4024363413999996,2.150489228889999,2.364021834599999,1.7022147362299993,2.2145393033000005,1.9288182642999985,2.138895618230002,,2.248837951959999,1.8058596568999992,2.1335709848600004,2.4462548579199996,2.44781418278,2.2132138215299992,1.8878642559200003,2.0102261057499993,1.88169690415,2.24965725775,,2.327323624249999,2.13403503264,2.1917278062399994,1.9350130514900012,2.1601063728299987,2.119485794539999,0,0,0,0,0,0,0,0,0,1,0,0,1,-,-,-,-,-,-,-,-,-,U,-,-,2.1993007564145652,0.1917060149071633
UAUGG_CGUAAG,,,,,,,,,,,,,,,,,,,,,,,,,,,,,,,3.8477234073899993,,,4.280999651779999,,,,,,,,,,,,,,,,,0,0,0,0,0,0,0,1,0,0,0,0,1,-,-,-,-,-,-,-,G,-,-,-,-,4.064361529585,0.30637257053520883
UAUGG_CUUAAG,,,,,,,,,,,,,,,,,,,,,,,,,,,,,,,2.3536008136,,,2.809504154599999,,3.260752600910001,,2.7312745544499997,,2.593782726839999,,,,,,,,,,,0,0,0,0,0,0,0,1,0,0,0,0,1,-,-,-,-,-,-,-,U,-,-,-,-,2.7497829700799996,0.3340267661296901
UAUGG_GCUAAG,,,,,,,,,,,,,,,,,,,,,,,,,,,,,,,0.5101232500999995,,,0.6925065007999986,,0.9440064064999998,,1.0641700743999998,,0.8795178966999995,,,,,,,,,,,0,0,0,0,0,0,1,0,0,0,0,0,1,-,-,-,-,-,-,G,-,-,-,-,-,0.8180648256999994,0.21840241647136582
UAUGG_UCUAAG,1.0603178847000017,1.252663902890001,1.016934931799998,0.8771016715899993,0.8665055944800013,0.9480643220499996,1.0362302002099995,1.1993363656699998,0.8925777581400016,1.038091295450002,1.1446642210999993,1.1159535499000004,0.7223073685999992,1.179407897299999,1.0636334919999992,1.5571467794,0.4708245519000016,0.8568212849000005,1.2801089264000005,,0.810077174189999,1.0087159356999997,0.8911000675,1.109244189,1.0355468966000014,1.1485424415000018,1.1847508918600003,1.008368599999999,1.1092753482299997,0.9829827298999998,0.7795721215000011,1.0632644570000007,,0.9148078915999989,0.9337957053999997,1.2224784936100015,0.8669446687600004,1.1688074045000008,0.8423180364,0.8891822588,0.9613124337799981,1.0313952202800003,0.9412924468000003,1.07888681966,0.7825364859899988,1.066698453639999,0.6106496802999999,0.8626580779300017,1.2062849025600002,1.0272466968000007,0,0,0,0,0,0,1,0,0,0,0,0,1,-,-,-,-,-,-,U,-,-,-,-,-,1.0024464276722922,0.18442997978459924
UAUGU_CCUAAG,,,,,,,,,,,,,,,,,,,,,,,,,,,,,,,2.44732161752,,,2.636973478869999,,2.7489776302100015,,2.9566043657299996,,2.6151293657999997,,,,,,,,,,,0,0,0,0,1,0,0,0,0,0,0,0,1,-,-,-,-,U,-,-,-,-,-,-,-,2.681001291626,0.18805689701607026
UAUUG_CCUAAG,,,,,,,,,,,,,,,,,,,,,,,,,,,,,,,4.72203572594,,,,,,,4.769957928999999,,,,,,,,,,,,,0,0,0,1,0,0,0,0,0,0,0,0,1,-,-,-,U,-,-,-,-,-,-,-,-,4.74599682747,0.03388611475312452
UCUGG_CCUAAG,3.4699262444800016,3.4941331852000017,3.641753283809999,,,,,,,,3.485463630430001,3.7681713244500017,,3.454099239819999,3.4265281516600012,3.57199615453,3.476591559900001,3.6494304590600013,3.6091375049500005,3.6074371573500024,3.5418169528499988,3.320480719179999,3.399605373709999,3.6849207867100002,3.747179806520001,3.8789273314800017,,3.87756876213,3.0575753787799984,3.660782063750001,3.460287599780001,3.710198428130001,,3.7128497190299985,3.3018338268399994,3.603629828260001,3.18179778658,4.296873764460001,3.5240417715999994,3.52749551417,1.9474446074199996,2.0358605801400005,2.17780435355,1.5331499630600005,2.3826798385399997,2.6609426809,2.5284477132900003,2.1102627966500016,3.1784221076599994,,0,1,0,0,0,0,0,0,0,0,0,0,1,-,C,-,-,-,-,-,-,-,-,-,-,3.274296101302821,0.6239334860280564
UGUGG_CCUAAG,,,,,,,,,,,4.462926763239999,4.402637400320001,,,4.121661770050001,,4.159070693310001,4.280398320989999,4.41286365046,4.527421016830001,,4.142052920139999,4.32151072321,,4.099728791240001,4.375212704860001,3.79658239808,4.173014900409999,,3.683868813770001,3.6253381648699996,,,,3.6956765578299997,,2.87821270232,4.63275708732,4.032879809339999,3.4391246857600004,2.199557584389999,,2.0893562329199993,,2.3700326160799996,2.5746858343000003,2.4547731200600005,2.3295158469700006,3.2797732587999997,,0,1,0,0,0,0,0,0,0,0,0,0,1,-,G,-,-,-,-,-,-,-,-,-,-,3.6503938654766666,0.8221481540774104
UUUGG_CCUAAG,,,,,,,,,,,,4.884907942840001,3.1027130109499996,,,,4.799603168130001,4.100017424660001,,4.840200183420001,,4.39963013263,4.56022996041,4.49369135203,4.4053551765700005,4.833785273460001,,4.56837328585,3.5161672026799984,4.196785730300001,,,,,4.418502328619999,,3.491882348710001,4.720461208460001,,,,,,,,2.8812138215000003,2.738649360710001,2.8902938484700007,,,0,1,0,0,0,0,0,0,0,0,0,0,1,-,U,-,-,-,-,-,-,-,-,-,-,4.096971724231579,0.7440139919289306
